感性語,世代,地域,印象カテゴリ,スコア
クール,10代,日本,洗練された,0.3
クール,10代,中国,洗練された,0.39
クール,10代,US,洗練された,0.4
クール,10代,ヨーロッパ,洗練された,0.29
クール,20代,日本,洗練された,0.33
クール,20代,中国,洗練された,0.23
クール,20代,US,洗練された,0.29
クール,20代,ヨーロッパ,洗練された,0.39
クール,30代,日本,洗練された,0.27
クール,30代,中国,洗練された,0.39
クール,30代,US,洗練された,0.23
クール,30代,ヨーロッパ,洗練された,0.28
クール,40代,日本,洗練された,0.24
クール,40代,中国,洗練された,0.38
クール,40代,US,洗練された,0.21
クール,40代,ヨーロッパ,洗練された,0.34
クール,50代,日本,洗練された,0.35
クール,50代,中国,洗練された,0.37
クール,50代,US,洗練された,0.22
クール,50代,ヨーロッパ,洗練された,0.27
クール,60代,日本,洗練された,0.32
クール,60代,中国,洗練された,0.28
クール,60代,US,洗練された,0.39
クール,60代,ヨーロッパ,洗練された,0.36
クール,70代,日本,洗練された,0.33
クール,70代,中国,洗練された,0.28
クール,70代,US,洗練された,0.36
クール,70代,ヨーロッパ,洗練された,0.22
クール,80代,日本,洗練された,0.3
クール,80代,中国,洗練された,0.25
クール,80代,US,洗練された,0.22
クール,80代,ヨーロッパ,洗練された,0.26
かわいい,10代,日本,親しみやすさ,0.36
かわいい,10代,中国,親しみやすさ,0.3
かわいい,10代,US,親しみやすさ,0.32
かわいい,10代,ヨーロッパ,親しみやすさ,0.38
かわいい,20代,日本,親しみやすさ,0.31
かわいい,20代,中国,親しみやすさ,0.38
かわいい,20代,US,親しみやすさ,0.32
かわいい,20代,ヨーロッパ,親しみやすさ,0.35
かわいい,30代,日本,親しみやすさ,0.38
かわいい,30代,中国,親しみやすさ,0.3
かわいい,30代,US,親しみやすさ,0.31
かわいい,30代,ヨーロッパ,親しみやすさ,0.3
かわいい,40代,日本,親しみやすさ,0.37
かわいい,40代,中国,親しみやすさ,0.34
かわいい,40代,US,親しみやすさ,0.34
かわいい,40代,ヨーロッパ,親しみやすさ,0.39
かわいい,50代,日本,親しみやすさ,0.33
かわいい,50代,中国,親しみやすさ,0.34
かわいい,50代,US,親しみやすさ,0.35
かわいい,50代,ヨーロッパ,親しみやすさ,0.39
かわいい,60代,日本,親しみやすさ,0.36
かわいい,60代,中国,親しみやすさ,0.35
かわいい,60代,US,親しみやすさ,0.39
かわいい,60代,ヨーロッパ,親しみやすさ,0.35
かわいい,70代,日本,親しみやすさ,0.36
かわいい,70代,中国,親しみやすさ,0.39
かわいい,70代,US,親しみやすさ,0.35
かわいい,70代,ヨーロッパ,親しみやすさ,0.32
かわいい,80代,日本,親しみやすさ,0.38
かわいい,80代,中国,親しみやすさ,0.3
かわいい,80代,US,親しみやすさ,0.31
かわいい,80代,ヨーロッパ,親しみやすさ,0.39
丁寧,10代,日本,信頼感,0.4
丁寧,10代,中国,信頼感,0.41
丁寧,10代,US,信頼感,0.44
丁寧,10代,ヨーロッパ,信頼感,0.41
丁寧,20代,日本,信頼感,0.42
丁寧,20代,中国,信頼感,0.5
丁寧,20代,US,信頼感,0.35
丁寧,20代,ヨーロッパ,信頼感,0.4
丁寧,30代,日本,信頼感,0.44
丁寧,30代,中国,信頼感,0.35
丁寧,30代,US,信頼感,0.39
丁寧,30代,ヨーロッパ,信頼感,0.34
丁寧,40代,日本,信頼感,0.39
丁寧,40代,中国,信頼感,0.31
丁寧,40代,US,信頼感,0.33
丁寧,40代,ヨーロッパ,信頼感,0.47
丁寧,50代,日本,信頼感,0.34
丁寧,50代,中国,信頼感,0.32
丁寧,50代,US,信頼感,0.36
丁寧,50代,ヨーロッパ,信頼感,0.31
丁寧,60代,日本,信頼感,0.44
丁寧,60代,中国,信頼感,0.3
丁寧,60代,US,信頼感,0.35
丁寧,60代,ヨーロッパ,信頼感,0.41
丁寧,70代,日本,信頼感,0.49
丁寧,70代,中国,信頼感,0.45
丁寧,70代,US,信頼感,0.43
丁寧,70代,ヨーロッパ,信頼感,0.37
丁寧,80代,日本,信頼感,0.42
丁寧,80代,中国,信頼感,0.41
丁寧,80代,US,信頼感,0.35
丁寧,80代,ヨーロッパ,信頼感,0.34
斬新,10代,日本,先進性,0.44
斬新,10代,中国,先進性,0.42
斬新,10代,US,先進性,0.5
斬新,10代,ヨーロッパ,先進性,0.49
斬新,20代,日本,先進性,0.41
斬新,20代,中国,先進性,0.46
斬新,20代,US,先進性,0.31
斬新,20代,ヨーロッパ,先進性,0.31
斬新,30代,日本,先進性,0.44
斬新,30代,中国,先進性,0.3
斬新,30代,US,先進性,0.48
斬新,30代,ヨーロッパ,先進性,0.45
斬新,40代,日本,先進性,0.32
斬新,40代,中国,先進性,0.38
斬新,40代,US,先進性,0.4
斬新,40代,ヨーロッパ,先進性,0.46
斬新,50代,日本,先進性,0.36
斬新,50代,中国,先進性,0.32
斬新,50代,US,先進性,0.38
斬新,50代,ヨーロッパ,先進性,0.44
斬新,60代,日本,先進性,0.48
斬新,60代,中国,先進性,0.33
斬新,60代,US,先進性,0.31
斬新,60代,ヨーロッパ,先進性,0.41
斬新,70代,日本,先進性,0.46
斬新,70代,中国,先進性,0.47
斬新,70代,US,先進性,0.37
斬新,70代,ヨーロッパ,先進性,0.44
斬新,80代,日本,先進性,0.48
斬新,80代,中国,先進性,0.41
斬新,80代,US,先進性,0.36
斬新,80代,ヨーロッパ,先進性,0.44
ノスタルジック,10代,日本,落ち着き,0.33
ノスタルジック,10代,中国,落ち着き,0.31
ノスタルジック,10代,US,落ち着き,0.4
ノスタルジック,10代,ヨーロッパ,落ち着き,0.33
ノスタルジック,20代,日本,落ち着き,0.3
ノスタルジック,20代,中国,落ち着き,0.34
ノスタルジック,20代,US,落ち着き,0.4
ノスタルジック,20代,ヨーロッパ,落ち着き,0.37
ノスタルジック,30代,日本,落ち着き,0.32
ノスタルジック,30代,中国,落ち着き,0.36
ノスタルジック,30代,US,落ち着き,0.31
ノスタルジック,30代,ヨーロッパ,落ち着き,0.3
ノスタルジック,40代,日本,落ち着き,0.39
ノスタルジック,40代,中国,落ち着き,0.36
ノスタルジック,40代,US,落ち着き,0.4
ノスタルジック,40代,ヨーロッパ,落ち着き,0.33
ノスタルジック,50代,日本,落ち着き,0.33
ノスタルジック,50代,中国,落ち着き,0.39
ノスタルジック,50代,US,落ち着き,0.33
ノスタルジック,50代,ヨーロッパ,落ち着き,0.31
ノスタルジック,60代,日本,落ち着き,0.31
ノスタルジック,60代,中国,落ち着き,0.35
ノスタルジック,60代,US,落ち着き,0.33
ノスタルジック,60代,ヨーロッパ,落ち着き,0.31
ノスタルジック,70代,日本,落ち着き,0.36
ノスタルジック,70代,中国,落ち着き,0.39
ノスタルジック,70代,US,落ち着き,0.34
ノスタルジック,70代,ヨーロッパ,落ち着き,0.3
ノスタルジック,80代,日本,落ち着き,0.35
ノスタルジック,80代,中国,落ち着き,0.32
ノスタルジック,80代,US,落ち着き,0.32
ノスタルジック,80代,ヨーロッパ,落ち着き,0.33
モダン,10代,日本,洗練された,0.22
モダン,10代,中国,洗練された,0.38
モダン,10代,US,洗練された,0.23
モダン,10代,ヨーロッパ,洗練された,0.32
モダン,20代,日本,洗練された,0.37
モダン,20代,中国,洗練された,0.39
モダン,20代,US,洗練された,0.32
モダン,20代,ヨーロッパ,洗練された,0.37
モダン,30代,日本,洗練された,0.37
モダン,30代,中国,洗練された,0.25
モダン,30代,US,洗練された,0.25
モダン,30代,ヨーロッパ,洗練された,0.38
モダン,40代,日本,洗練された,0.27
モダン,40代,中国,洗練された,0.2
モダン,40代,US,洗練された,0.32
モダン,40代,ヨーロッパ,洗練された,0.25
モダン,50代,日本,洗練された,0.2
モダン,50代,中国,洗練された,0.21
モダン,50代,US,洗練された,0.37
モダン,50代,ヨーロッパ,洗練された,0.32
モダン,60代,日本,洗練された,0.33
モダン,60代,中国,洗練された,0.23
モダン,60代,US,洗練された,0.3
モダン,60代,ヨーロッパ,洗練された,0.33
モダン,70代,日本,洗練された,0.4
モダン,70代,中国,洗練された,0.26
モダン,70代,US,洗練された,0.34
モダン,70代,ヨーロッパ,洗練された,0.39
モダン,80代,日本,洗練された,0.33
モダン,80代,中国,洗練された,0.32
モダン,80代,US,洗練された,0.21
モダン,80代,ヨーロッパ,洗練された,0.36
シンプル,10代,日本,洗練された,0.38
シンプル,10代,中国,洗練された,0.28
シンプル,10代,US,洗練された,0.34
シンプル,10代,ヨーロッパ,洗練された,0.32
シンプル,20代,日本,洗練された,0.29
シンプル,20代,中国,洗練された,0.28
シンプル,20代,US,洗練された,0.34
シンプル,20代,ヨーロッパ,洗練された,0.4
シンプル,30代,日本,洗練された,0.33
シンプル,30代,中国,洗練された,0.36
シンプル,30代,US,洗練された,0.24
シンプル,30代,ヨーロッパ,洗練された,0.29
シンプル,40代,日本,洗練された,0.21
シンプル,40代,中国,洗練された,0.39
シンプル,40代,US,洗練された,0.37
シンプル,40代,ヨーロッパ,洗練された,0.4
シンプル,50代,日本,洗練された,0.27
シンプル,50代,中国,洗練された,0.38
シンプル,50代,US,洗練された,0.21
シンプル,50代,ヨーロッパ,洗練された,0.2
シンプル,60代,日本,洗練された,0.27
シンプル,60代,中国,洗練された,0.32
シンプル,60代,US,洗練された,0.29
シンプル,60代,ヨーロッパ,洗練された,0.37
シンプル,70代,日本,洗練された,0.35
シンプル,70代,中国,洗練された,0.29
シンプル,70代,US,洗練された,0.25
シンプル,70代,ヨーロッパ,洗練された,0.33
シンプル,80代,日本,洗練された,0.4
シンプル,80代,中国,洗練された,0.4
シンプル,80代,US,洗練された,0.25
シンプル,80代,ヨーロッパ,洗練された,0.39
クラシック,10代,日本,落ち着き,0.35
クラシック,10代,中国,落ち着き,0.36
クラシック,10代,US,落ち着き,0.37
クラシック,10代,ヨーロッパ,落ち着き,0.38
クラシック,20代,日本,落ち着き,0.33
クラシック,20代,中国,落ち着き,0.3
クラシック,20代,US,落ち着き,0.3
クラシック,20代,ヨーロッパ,落ち着き,0.4
クラシック,30代,日本,落ち着き,0.3
クラシック,30代,中国,落ち着き,0.38
クラシック,30代,US,落ち着き,0.36
クラシック,30代,ヨーロッパ,落ち着き,0.38
クラシック,40代,日本,落ち着き,0.34
クラシック,40代,中国,落ち着き,0.38
クラシック,40代,US,落ち着き,0.31
クラシック,40代,ヨーロッパ,落ち着き,0.39
クラシック,50代,日本,落ち着き,0.37
クラシック,50代,中国,落ち着き,0.39
クラシック,50代,US,落ち着き,0.38
クラシック,50代,ヨーロッパ,落ち着き,0.33
クラシック,60代,日本,落ち着き,0.38
クラシック,60代,中国,落ち着き,0.35
クラシック,60代,US,落ち着き,0.34
クラシック,60代,ヨーロッパ,落ち着き,0.35
クラシック,70代,日本,落ち着き,0.33
クラシック,70代,中国,落ち着き,0.37
クラシック,70代,US,落ち着き,0.35
クラシック,70代,ヨーロッパ,落ち着き,0.35
クラシック,80代,日本,落ち着き,0.36
クラシック,80代,中国,落ち着き,0.37
クラシック,80代,US,落ち着き,0.35
クラシック,80代,ヨーロッパ,落ち着き,0.37
あたたかい,10代,日本,親しみやすさ,0.37
あたたかい,10代,中国,親しみやすさ,0.37
あたたかい,10代,US,親しみやすさ,0.32
あたたかい,10代,ヨーロッパ,親しみやすさ,0.33
あたたかい,20代,日本,親しみやすさ,0.37
あたたかい,20代,中国,親しみやすさ,0.39
あたたかい,20代,US,親しみやすさ,0.32
あたたかい,20代,ヨーロッパ,親しみやすさ,0.35
あたたかい,30代,日本,親しみやすさ,0.33
あたたかい,30代,中国,親しみやすさ,0.32
あたたかい,30代,US,親しみやすさ,0.31
あたたかい,30代,ヨーロッパ,親しみやすさ,0.37
あたたかい,40代,日本,親しみやすさ,0.39
あたたかい,40代,中国,親しみやすさ,0.33
あたたかい,40代,US,親しみやすさ,0.38
あたたかい,40代,ヨーロッパ,親しみやすさ,0.35
あたたかい,50代,日本,親しみやすさ,0.37
あたたかい,50代,中国,親しみやすさ,0.39
あたたかい,50代,US,親しみやすさ,0.34
あたたかい,50代,ヨーロッパ,親しみやすさ,0.35
あたたかい,60代,日本,親しみやすさ,0.35
あたたかい,60代,中国,親しみやすさ,0.31
あたたかい,60代,US,親しみやすさ,0.34
あたたかい,60代,ヨーロッパ,親しみやすさ,0.38
あたたかい,70代,日本,親しみやすさ,0.33
あたたかい,70代,中国,親しみやすさ,0.33
あたたかい,70代,US,親しみやすさ,0.31
あたたかい,70代,ヨーロッパ,親しみやすさ,0.32
あたたかい,80代,日本,親しみやすさ,0.4
あたたかい,80代,中国,親しみやすさ,0.38
あたたかい,80代,US,親しみやすさ,0.37
あたたかい,80代,ヨーロッパ,親しみやすさ,0.36
やさしい,10代,日本,安心感,0.45
やさしい,10代,中国,安心感,0.45
やさしい,10代,US,安心感,0.46
やさしい,10代,ヨーロッパ,安心感,0.43
やさしい,20代,日本,安心感,0.47
やさしい,20代,中国,安心感,0.45
やさしい,20代,US,安心感,0.4
やさしい,20代,ヨーロッパ,安心感,0.33
やさしい,30代,日本,安心感,0.34
やさしい,30代,中国,安心感,0.48
やさしい,30代,US,安心感,0.32
やさしい,30代,ヨーロッパ,安心感,0.31
やさしい,40代,日本,安心感,0.38
やさしい,40代,中国,安心感,0.34
やさしい,40代,US,安心感,0.44
やさしい,40代,ヨーロッパ,安心感,0.42
やさしい,50代,日本,安心感,0.46
やさしい,50代,中国,安心感,0.39
やさしい,50代,US,安心感,0.43
やさしい,50代,ヨーロッパ,安心感,0.44
やさしい,60代,日本,安心感,0.48
やさしい,60代,中国,安心感,0.34
やさしい,60代,US,安心感,0.41
やさしい,60代,ヨーロッパ,安心感,0.4
やさしい,70代,日本,安心感,0.32
やさしい,70代,中国,安心感,0.37
やさしい,70代,US,安心感,0.44
やさしい,70代,ヨーロッパ,安心感,0.48
やさしい,80代,日本,安心感,0.4
やさしい,80代,中国,安心感,0.35
やさしい,80代,US,安心感,0.45
やさしい,80代,ヨーロッパ,安心感,0.47
カジュアル,10代,日本,気軽さ,0.26
カジュアル,10代,中国,気軽さ,0.21
カジュアル,10代,US,気軽さ,0.27
カジュアル,10代,ヨーロッパ,気軽さ,0.27
カジュアル,20代,日本,気軽さ,0.22
カジュアル,20代,中国,気軽さ,0.28
カジュアル,20代,US,気軽さ,0.27
カジュアル,20代,ヨーロッパ,気軽さ,0.21
カジュアル,30代,日本,気軽さ,0.27
カジュアル,30代,中国,気軽さ,0.26
カジュアル,30代,US,気軽さ,0.27
カジュアル,30代,ヨーロッパ,気軽さ,0.26
カジュアル,40代,日本,気軽さ,0.28
カジュアル,40代,中国,気軽さ,0.28
カジュアル,40代,US,気軽さ,0.26
カジュアル,40代,ヨーロッパ,気軽さ,0.29
カジュアル,50代,日本,気軽さ,0.28
カジュアル,50代,中国,気軽さ,0.3
カジュアル,50代,US,気軽さ,0.25
カジュアル,50代,ヨーロッパ,気軽さ,0.3
カジュアル,60代,日本,気軽さ,0.21
カジュアル,60代,中国,気軽さ,0.25
カジュアル,60代,US,気軽さ,0.24
カジュアル,60代,ヨーロッパ,気軽さ,0.22
カジュアル,70代,日本,気軽さ,0.22
カジュアル,70代,中国,気軽さ,0.23
カジュアル,70代,US,気軽さ,0.28
カジュアル,70代,ヨーロッパ,気軽さ,0.26
カジュアル,80代,日本,気軽さ,0.23
カジュアル,80代,中国,気軽さ,0.24
カジュアル,80代,US,気軽さ,0.26
カジュアル,80代,ヨーロッパ,気軽さ,0.28
高級感,10代,日本,高級感,0.3
高級感,10代,中国,高級感,0.35
高級感,10代,US,高級感,0.32
高級感,10代,ヨーロッパ,高級感,0.31
高級感,20代,日本,高級感,0.32
高級感,20代,中国,高級感,0.32
高級感,20代,US,高級感,0.35
高級感,20代,ヨーロッパ,高級感,0.36
高級感,30代,日本,高級感,0.38
高級感,30代,中国,高級感,0.38
高級感,30代,US,高級感,0.37
高級感,30代,ヨーロッパ,高級感,0.33
高級感,40代,日本,高級感,0.37
高級感,40代,中国,高級感,0.36
高級感,40代,US,高級感,0.37
高級感,40代,ヨーロッパ,高級感,0.39
高級感,50代,日本,高級感,0.34
高級感,50代,中国,高級感,0.33
高級感,50代,US,高級感,0.32
高級感,50代,ヨーロッパ,高級感,0.34
高級感,60代,日本,高級感,0.32
高級感,60代,中国,高級感,0.4
高級感,60代,US,高級感,0.36
高級感,60代,ヨーロッパ,高級感,0.35
高級感,70代,日本,高級感,0.36
高級感,70代,中国,高級感,0.34
高級感,70代,US,高級感,0.35
高級感,70代,ヨーロッパ,高級感,0.3
高級感,80代,日本,高級感,0.31
高級感,80代,中国,高級感,0.38
高級感,80代,US,高級感,0.34
高級感,80代,ヨーロッパ,高級感,0.33
上品,10代,日本,高級感,0.37
上品,10代,中国,高級感,0.38
上品,10代,US,高級感,0.34
上品,10代,ヨーロッパ,高級感,0.32
上品,20代,日本,高級感,0.37
上品,20代,中国,高級感,0.31
上品,20代,US,高級感,0.33
上品,20代,ヨーロッパ,高級感,0.38
上品,30代,日本,高級感,0.38
上品,30代,中国,高級感,0.36
上品,30代,US,高級感,0.31
上品,30代,ヨーロッパ,高級感,0.32
上品,40代,日本,高級感,0.4
上品,40代,中国,高級感,0.38
上品,40代,US,高級感,0.3
上品,40代,ヨーロッパ,高級感,0.31
上品,50代,日本,高級感,0.37
上品,50代,中国,高級感,0.36
上品,50代,US,高級感,0.39
上品,50代,ヨーロッパ,高級感,0.36
上品,60代,日本,高級感,0.34
上品,60代,中国,高級感,0.31
上品,60代,US,高級感,0.38
上品,60代,ヨーロッパ,高級感,0.32
上品,70代,日本,高級感,0.36
上品,70代,中国,高級感,0.34
上品,70代,US,高級感,0.32
上品,70代,ヨーロッパ,高級感,0.31
上品,80代,日本,高級感,0.39
上品,80代,中国,高級感,0.37
上品,80代,US,高級感,0.34
上品,80代,ヨーロッパ,高級感,0.39
本物,10代,日本,信頼感,0.32
本物,10代,中国,信頼感,0.4
本物,10代,US,信頼感,0.48
本物,10代,ヨーロッパ,信頼感,0.31
本物,20代,日本,信頼感,0.47
本物,20代,中国,信頼感,0.35
本物,20代,US,信頼感,0.33
本物,20代,ヨーロッパ,信頼感,0.4
本物,30代,日本,信頼感,0.32
本物,30代,中国,信頼感,0.38
本物,30代,US,信頼感,0.36
本物,30代,ヨーロッパ,信頼感,0.46
本物,40代,日本,信頼感,0.43
本物,40代,中国,信頼感,0.37
本物,40代,US,信頼感,0.46
本物,40代,ヨーロッパ,信頼感,0.44
本物,50代,日本,信頼感,0.4
本物,50代,中国,信頼感,0.43
本物,50代,US,信頼感,0.46
本物,50代,ヨーロッパ,信頼感,0.35
本物,60代,日本,信頼感,0.32
本物,60代,中国,信頼感,0.47
本物,60代,US,信頼感,0.39
本物,60代,ヨーロッパ,信頼感,0.31
本物,70代,日本,信頼感,0.32
本物,70代,中国,信頼感,0.31
本物,70代,US,信頼感,0.38
本物,70代,ヨーロッパ,信頼感,0.46
本物,80代,日本,信頼感,0.35
本物,80代,中国,信頼感,0.44
本物,80代,US,信頼感,0.49
本物,80代,ヨーロッパ,信頼感,0.36
安心感,10代,日本,安心感,0.44
安心感,10代,中国,安心感,0.45
安心感,10代,US,安心感,0.4
安心感,10代,ヨーロッパ,安心感,0.39
安心感,20代,日本,安心感,0.36
安心感,20代,中国,安心感,0.35
安心感,20代,US,安心感,0.35
安心感,20代,ヨーロッパ,安心感,0.49
安心感,30代,日本,安心感,0.33
安心感,30代,中国,安心感,0.44
安心感,30代,US,安心感,0.3
安心感,30代,ヨーロッパ,安心感,0.33
安心感,40代,日本,安心感,0.42
安心感,40代,中国,安心感,0.48
安心感,40代,US,安心感,0.46
安心感,40代,ヨーロッパ,安心感,0.47
安心感,50代,日本,安心感,0.4
安心感,50代,中国,安心感,0.43
安心感,50代,US,安心感,0.43
安心感,50代,ヨーロッパ,安心感,0.36
安心感,60代,日本,安心感,0.32
安心感,60代,中国,安心感,0.48
安心感,60代,US,安心感,0.43
安心感,60代,ヨーロッパ,安心感,0.42
安心感,70代,日本,安心感,0.38
安心感,70代,中国,安心感,0.45
安心感,70代,US,安心感,0.44
安心感,70代,ヨーロッパ,安心感,0.32
安心感,80代,日本,安心感,0.39
安心感,80代,中国,安心感,0.47
安心感,80代,US,安心感,0.47
安心感,80代,ヨーロッパ,安心感,0.5
信頼感,10代,日本,信頼感,0.46
信頼感,10代,中国,信頼感,0.34
信頼感,10代,US,信頼感,0.4
信頼感,10代,ヨーロッパ,信頼感,0.42
信頼感,20代,日本,信頼感,0.32
信頼感,20代,中国,信頼感,0.46
信頼感,20代,US,信頼感,0.42
信頼感,20代,ヨーロッパ,信頼感,0.41
信頼感,30代,日本,信頼感,0.39
信頼感,30代,中国,信頼感,0.46
信頼感,30代,US,信頼感,0.32
信頼感,30代,ヨーロッパ,信頼感,0.4
信頼感,40代,日本,信頼感,0.44
信頼感,40代,中国,信頼感,0.38
信頼感,40代,US,信頼感,0.32
信頼感,40代,ヨーロッパ,信頼感,0.47
信頼感,50代,日本,信頼感,0.31
信頼感,50代,中国,信頼感,0.47
信頼感,50代,US,信頼感,0.31
信頼感,50代,ヨーロッパ,信頼感,0.45
信頼感,60代,日本,信頼感,0.31
信頼感,60代,中国,信頼感,0.39
信頼感,60代,US,信頼感,0.4
信頼感,60代,ヨーロッパ,信頼感,0.46
信頼感,70代,日本,信頼感,0.34
信頼感,70代,中国,信頼感,0.32
信頼感,70代,US,信頼感,0.38
信頼感,70代,ヨーロッパ,信頼感,0.43
信頼感,80代,日本,信頼感,0.5
信頼感,80代,中国,信頼感,0.47
信頼感,80代,US,信頼感,0.46
信頼感,80代,ヨーロッパ,信頼感,0.46
素材,10代,日本,信頼感,0.43
素材,10代,中国,信頼感,0.32
素材,10代,US,信頼感,0.33
素材,10代,ヨーロッパ,信頼感,0.47
素材,20代,日本,信頼感,0.45
素材,20代,中国,信頼感,0.33
素材,20代,US,信頼感,0.46
素材,20代,ヨーロッパ,信頼感,0.47
素材,30代,日本,信頼感,0.5
素材,30代,中国,信頼感,0.39
素材,30代,US,信頼感,0.46
素材,30代,ヨーロッパ,信頼感,0.48
素材,40代,日本,信頼感,0.4
素材,40代,中国,信頼感,0.31
素材,40代,US,信頼感,0.4
素材,40代,ヨーロッパ,信頼感,0.48
素材,50代,日本,信頼感,0.35
素材,50代,中国,信頼感,0.4
素材,50代,US,信頼感,0.45
素材,50代,ヨーロッパ,信頼感,0.41
素材,60代,日本,信頼感,0.43
素材,60代,中国,信頼感,0.32
素材,60代,US,信頼感,0.49
素材,60代,ヨーロッパ,信頼感,0.4
素材,70代,日本,信頼感,0.31
素材,70代,中国,信頼感,0.38
素材,70代,US,信頼感,0.3
素材,70代,ヨーロッパ,信頼感,0.4
素材,80代,日本,信頼感,0.4
素材,80代,中国,信頼感,0.38
素材,80代,US,信頼感,0.38
素材,80代,ヨーロッパ,信頼感,0.46
都会的,10代,日本,洗練された,0.28
都会的,10代,中国,洗練された,0.34
都会的,10代,US,洗練された,0.26
都会的,10代,ヨーロッパ,洗練された,0.2
都会的,20代,日本,洗練された,0.32
都会的,20代,中国,洗練された,0.29
都会的,20代,US,洗練された,0.36
都会的,20代,ヨーロッパ,洗練された,0.34
都会的,30代,日本,洗練された,0.36
都会的,30代,中国,洗練された,0.27
都会的,30代,US,洗練された,0.2
都会的,30代,ヨーロッパ,洗練された,0.39
都会的,40代,日本,洗練された,0.38
都会的,40代,中国,洗練された,0.36
都会的,40代,US,洗練された,0.38
都会的,40代,ヨーロッパ,洗練された,0.36
都会的,50代,日本,洗練された,0.26
都会的,50代,中国,洗練された,0.35
都会的,50代,US,洗練された,0.32
都会的,50代,ヨーロッパ,洗練された,0.23
都会的,60代,日本,洗練された,0.31
都会的,60代,中国,洗練された,0.26
都会的,60代,US,洗練された,0.39
都会的,60代,ヨーロッパ,洗練された,0.27
都会的,70代,日本,洗練された,0.21
都会的,70代,中国,洗練された,0.3
都会的,70代,US,洗練された,0.21
都会的,70代,ヨーロッパ,洗練された,0.32
都会的,80代,日本,洗練された,0.21
都会的,80代,中国,洗練された,0.35
都会的,80代,US,洗練された,0.28
都会的,80代,ヨーロッパ,洗練された,0.37
柔らかい,10代,日本,安心感,0.33
柔らかい,10代,中国,安心感,0.47
柔らかい,10代,US,安心感,0.43
柔らかい,10代,ヨーロッパ,安心感,0.49
柔らかい,20代,日本,安心感,0.34
柔らかい,20代,中国,安心感,0.36
柔らかい,20代,US,安心感,0.44
柔らかい,20代,ヨーロッパ,安心感,0.43
柔らかい,30代,日本,安心感,0.33
柔らかい,30代,中国,安心感,0.41
柔らかい,30代,US,安心感,0.37
柔らかい,30代,ヨーロッパ,安心感,0.34
柔らかい,40代,日本,安心感,0.43
柔らかい,40代,中国,安心感,0.41
柔らかい,40代,US,安心感,0.46
柔らかい,40代,ヨーロッパ,安心感,0.37
柔らかい,50代,日本,安心感,0.44
柔らかい,50代,中国,安心感,0.47
柔らかい,50代,US,安心感,0.39
柔らかい,50代,ヨーロッパ,安心感,0.47
柔らかい,60代,日本,安心感,0.44
柔らかい,60代,中国,安心感,0.41
柔らかい,60代,US,安心感,0.32
柔らかい,60代,ヨーロッパ,安心感,0.43
柔らかい,70代,日本,安心感,0.42
柔らかい,70代,中国,安心感,0.4
柔らかい,70代,US,安心感,0.45
柔らかい,70代,ヨーロッパ,安心感,0.45
柔らかい,80代,日本,安心感,0.4
柔らかい,80代,中国,安心感,0.38
柔らかい,80代,US,安心感,0.37
柔らかい,80代,ヨーロッパ,安心感,0.31
誠実,10代,日本,信頼感,0.47
誠実,10代,中国,信頼感,0.48
誠実,10代,US,信頼感,0.47
誠実,10代,ヨーロッパ,信頼感,0.36
誠実,20代,日本,信頼感,0.41
誠実,20代,中国,信頼感,0.38
誠実,20代,US,信頼感,0.32
誠実,20代,ヨーロッパ,信頼感,0.5
誠実,30代,日本,信頼感,0.39
誠実,30代,中国,信頼感,0.45
誠実,30代,US,信頼感,0.3
誠実,30代,ヨーロッパ,信頼感,0.32
誠実,40代,日本,信頼感,0.41
誠実,40代,中国,信頼感,0.32
誠実,40代,US,信頼感,0.49
誠実,40代,ヨーロッパ,信頼感,0.34
誠実,50代,日本,信頼感,0.38
誠実,50代,中国,信頼感,0.44
誠実,50代,US,信頼感,0.47
誠実,50代,ヨーロッパ,信頼感,0.47
誠実,60代,日本,信頼感,0.41
誠実,60代,中国,信頼感,0.5
誠実,60代,US,信頼感,0.37
誠実,60代,ヨーロッパ,信頼感,0.34
誠実,70代,日本,信頼感,0.33
誠実,70代,中国,信頼感,0.37
誠実,70代,US,信頼感,0.4
誠実,70代,ヨーロッパ,信頼感,0.41
誠実,80代,日本,信頼感,0.47
誠実,80代,中国,信頼感,0.4
誠実,80代,US,信頼感,0.43
誠実,80代,ヨーロッパ,信頼感,0.48
スタイリッシュ,10代,日本,洗練された,0.3
スタイリッシュ,10代,中国,洗練された,0.33
スタイリッシュ,10代,US,洗練された,0.23
スタイリッシュ,10代,ヨーロッパ,洗練された,0.35
スタイリッシュ,20代,日本,洗練された,0.36
スタイリッシュ,20代,中国,洗練された,0.3
スタイリッシュ,20代,US,洗練された,0.32
スタイリッシュ,20代,ヨーロッパ,洗練された,0.28
スタイリッシュ,30代,日本,洗練された,0.21
スタイリッシュ,30代,中国,洗練された,0.34
スタイリッシュ,30代,US,洗練された,0.25
スタイリッシュ,30代,ヨーロッパ,洗練された,0.4
スタイリッシュ,40代,日本,洗練された,0.3
スタイリッシュ,40代,中国,洗練された,0.31
スタイリッシュ,40代,US,洗練された,0.31
スタイリッシュ,40代,ヨーロッパ,洗練された,0.31
スタイリッシュ,50代,日本,洗練された,0.29
スタイリッシュ,50代,中国,洗練された,0.34
スタイリッシュ,50代,US,洗練された,0.35
スタイリッシュ,50代,ヨーロッパ,洗練された,0.31
スタイリッシュ,60代,日本,洗練された,0.25
スタイリッシュ,60代,中国,洗練された,0.3
スタイリッシュ,60代,US,洗練された,0.33
スタイリッシュ,60代,ヨーロッパ,洗練された,0.27
スタイリッシュ,70代,日本,洗練された,0.28
スタイリッシュ,70代,中国,洗練された,0.26
スタイリッシュ,70代,US,洗練された,0.24
スタイリッシュ,70代,ヨーロッパ,洗練された,0.33
スタイリッシュ,80代,日本,洗練された,0.32
スタイリッシュ,80代,中国,洗練された,0.2
スタイリッシュ,80代,US,洗練された,0.39
スタイリッシュ,80代,ヨーロッパ,洗練された,0.37
革新的,10代,日本,先進性,0.4
革新的,10代,中国,先進性,0.36
革新的,10代,US,先進性,0.47
革新的,10代,ヨーロッパ,先進性,0.38
革新的,20代,日本,先進性,0.48
革新的,20代,中国,先進性,0.43
革新的,20代,US,先進性,0.39
革新的,20代,ヨーロッパ,先進性,0.35
革新的,30代,日本,先進性,0.34
革新的,30代,中国,先進性,0.39
革新的,30代,US,先進性,0.37
革新的,30代,ヨーロッパ,先進性,0.42
革新的,40代,日本,先進性,0.46
革新的,40代,中国,先進性,0.44
革新的,40代,US,先進性,0.35
革新的,40代,ヨーロッパ,先進性,0.36
革新的,50代,日本,先進性,0.44
革新的,50代,中国,先進性,0.4
革新的,50代,US,先進性,0.43
革新的,50代,ヨーロッパ,先進性,0.44
革新的,60代,日本,先進性,0.42
革新的,60代,中国,先進性,0.48
革新的,60代,US,先進性,0.31
革新的,60代,ヨーロッパ,先進性,0.34
革新的,70代,日本,先進性,0.37
革新的,70代,中国,先進性,0.33
革新的,70代,US,先進性,0.4
革新的,70代,ヨーロッパ,先進性,0.31
革新的,80代,日本,先進性,0.45
革新的,80代,中国,先進性,0.35
革新的,80代,US,先進性,0.32
革新的,80代,ヨーロッパ,先進性,0.49
華やか,10代,日本,華やか／魅力的,0.34
華やか,10代,中国,華やか／魅力的,0.36
華やか,10代,US,華やか／魅力的,0.35
華やか,10代,ヨーロッパ,華やか／魅力的,0.27
華やか,20代,日本,華やか／魅力的,0.37
華やか,20代,中国,華やか／魅力的,0.24
華やか,20代,US,華やか／魅力的,0.23
華やか,20代,ヨーロッパ,華やか／魅力的,0.22
華やか,30代,日本,華やか／魅力的,0.32
華やか,30代,中国,華やか／魅力的,0.36
華やか,30代,US,華やか／魅力的,0.22
華やか,30代,ヨーロッパ,華やか／魅力的,0.37
華やか,40代,日本,華やか／魅力的,0.33
華やか,40代,中国,華やか／魅力的,0.3
華やか,40代,US,華やか／魅力的,0.33
華やか,40代,ヨーロッパ,華やか／魅力的,0.38
華やか,50代,日本,華やか／魅力的,0.25
華やか,50代,中国,華やか／魅力的,0.26
華やか,50代,US,華やか／魅力的,0.28
華やか,50代,ヨーロッパ,華やか／魅力的,0.32
華やか,60代,日本,華やか／魅力的,0.37
華やか,60代,中国,華やか／魅力的,0.4
華やか,60代,US,華やか／魅力的,0.23
華やか,60代,ヨーロッパ,華やか／魅力的,0.39
華やか,70代,日本,華やか／魅力的,0.32
華やか,70代,中国,華やか／魅力的,0.21
華やか,70代,US,華やか／魅力的,0.2
華やか,70代,ヨーロッパ,華やか／魅力的,0.3
華やか,80代,日本,華やか／魅力的,0.39
華やか,80代,中国,華やか／魅力的,0.24
華やか,80代,US,華やか／魅力的,0.34
華やか,80代,ヨーロッパ,華やか／魅力的,0.22
セクシー,10代,日本,華やか／魅力的,0.29
セクシー,10代,中国,華やか／魅力的,0.22
セクシー,10代,US,華やか／魅力的,0.21
セクシー,10代,ヨーロッパ,華やか／魅力的,0.3
セクシー,20代,日本,華やか／魅力的,0.23
セクシー,20代,中国,華やか／魅力的,0.32
セクシー,20代,US,華やか／魅力的,0.31
セクシー,20代,ヨーロッパ,華やか／魅力的,0.39
セクシー,30代,日本,華やか／魅力的,0.28
セクシー,30代,中国,華やか／魅力的,0.3
セクシー,30代,US,華やか／魅力的,0.35
セクシー,30代,ヨーロッパ,華やか／魅力的,0.36
セクシー,40代,日本,華やか／魅力的,0.24
セクシー,40代,中国,華やか／魅力的,0.26
セクシー,40代,US,華やか／魅力的,0.36
セクシー,40代,ヨーロッパ,華やか／魅力的,0.37
セクシー,50代,日本,華やか／魅力的,0.29
セクシー,50代,中国,華やか／魅力的,0.26
セクシー,50代,US,華やか／魅力的,0.21
セクシー,50代,ヨーロッパ,華やか／魅力的,0.26
セクシー,60代,日本,華やか／魅力的,0.34
セクシー,60代,中国,華やか／魅力的,0.27
セクシー,60代,US,華やか／魅力的,0.21
セクシー,60代,ヨーロッパ,華やか／魅力的,0.3
セクシー,70代,日本,華やか／魅力的,0.21
セクシー,70代,中国,華やか／魅力的,0.25
セクシー,70代,US,華やか／魅力的,0.32
セクシー,70代,ヨーロッパ,華やか／魅力的,0.21
セクシー,80代,日本,華やか／魅力的,0.24
セクシー,80代,中国,華やか／魅力的,0.39
セクシー,80代,US,華やか／魅力的,0.27
セクシー,80代,ヨーロッパ,華やか／魅力的,0.3
魅力的,10代,日本,華やか／魅力的,0.31
魅力的,10代,中国,華やか／魅力的,0.22
魅力的,10代,US,華やか／魅力的,0.23
魅力的,10代,ヨーロッパ,華やか／魅力的,0.37
魅力的,20代,日本,華やか／魅力的,0.35
魅力的,20代,中国,華やか／魅力的,0.36
魅力的,20代,US,華やか／魅力的,0.39
魅力的,20代,ヨーロッパ,華やか／魅力的,0.23
魅力的,30代,日本,華やか／魅力的,0.24
魅力的,30代,中国,華やか／魅力的,0.23
魅力的,30代,US,華やか／魅力的,0.2
魅力的,30代,ヨーロッパ,華やか／魅力的,0.29
魅力的,40代,日本,華やか／魅力的,0.36
魅力的,40代,中国,華やか／魅力的,0.32
魅力的,40代,US,華やか／魅力的,0.22
魅力的,40代,ヨーロッパ,華やか／魅力的,0.26
魅力的,50代,日本,華やか／魅力的,0.35
魅力的,50代,中国,華やか／魅力的,0.33
魅力的,50代,US,華やか／魅力的,0.23
魅力的,50代,ヨーロッパ,華やか／魅力的,0.34
魅力的,60代,日本,華やか／魅力的,0.37
魅力的,60代,中国,華やか／魅力的,0.31
魅力的,60代,US,華やか／魅力的,0.22
魅力的,60代,ヨーロッパ,華やか／魅力的,0.37
魅力的,70代,日本,華やか／魅力的,0.25
魅力的,70代,中国,華やか／魅力的,0.27
魅力的,70代,US,華やか／魅力的,0.27
魅力的,70代,ヨーロッパ,華やか／魅力的,0.28
魅力的,80代,日本,華やか／魅力的,0.38
魅力的,80代,中国,華やか／魅力的,0.24
魅力的,80代,US,華やか／魅力的,0.32
魅力的,80代,ヨーロッパ,華やか／魅力的,0.21
落ち着いた,10代,日本,落ち着き,0.32
落ち着いた,10代,中国,落ち着き,0.32
落ち着いた,10代,US,落ち着き,0.37
落ち着いた,10代,ヨーロッパ,落ち着き,0.39
落ち着いた,20代,日本,落ち着き,0.3
落ち着いた,20代,中国,落ち着き,0.39
落ち着いた,20代,US,落ち着き,0.37
落ち着いた,20代,ヨーロッパ,落ち着き,0.38
落ち着いた,30代,日本,落ち着き,0.37
落ち着いた,30代,中国,落ち着き,0.36
落ち着いた,30代,US,落ち着き,0.33
落ち着いた,30代,ヨーロッパ,落ち着き,0.37
落ち着いた,40代,日本,落ち着き,0.36
落ち着いた,40代,中国,落ち着き,0.36
落ち着いた,40代,US,落ち着き,0.38
落ち着いた,40代,ヨーロッパ,落ち着き,0.39
落ち着いた,50代,日本,落ち着き,0.38
落ち着いた,50代,中国,落ち着き,0.36
落ち着いた,50代,US,落ち着き,0.31
落ち着いた,50代,ヨーロッパ,落ち着き,0.32
落ち着いた,60代,日本,落ち着き,0.39
落ち着いた,60代,中国,落ち着き,0.36
落ち着いた,60代,US,落ち着き,0.33
落ち着いた,60代,ヨーロッパ,落ち着き,0.32
落ち着いた,70代,日本,落ち着き,0.38
落ち着いた,70代,中国,落ち着き,0.36
落ち着いた,70代,US,落ち着き,0.32
落ち着いた,70代,ヨーロッパ,落ち着き,0.36
落ち着いた,80代,日本,落ち着き,0.3
落ち着いた,80代,中国,落ち着き,0.33
落ち着いた,80代,US,落ち着き,0.36
落ち着いた,80代,ヨーロッパ,落ち着き,0.31
静か,10代,日本,落ち着き,0.38
静か,10代,中国,落ち着き,0.3
静か,10代,US,落ち着き,0.37
静か,10代,ヨーロッパ,落ち着き,0.36
静か,20代,日本,落ち着き,0.3
静か,20代,中国,落ち着き,0.31
静か,20代,US,落ち着き,0.31
静か,20代,ヨーロッパ,落ち着き,0.38
静か,30代,日本,落ち着き,0.4
静か,30代,中国,落ち着き,0.37
静か,30代,US,落ち着き,0.32
静か,30代,ヨーロッパ,落ち着き,0.33
静か,40代,日本,落ち着き,0.35
静か,40代,中国,落ち着き,0.37
静か,40代,US,落ち着き,0.36
静か,40代,ヨーロッパ,落ち着き,0.39
静か,50代,日本,落ち着き,0.39
静か,50代,中国,落ち着き,0.4
静か,50代,US,落ち着き,0.38
静か,50代,ヨーロッパ,落ち着き,0.38
静か,60代,日本,落ち着き,0.4
静か,60代,中国,落ち着き,0.39
静か,60代,US,落ち着き,0.34
静か,60代,ヨーロッパ,落ち着き,0.37
静か,70代,日本,落ち着き,0.31
静か,70代,中国,落ち着き,0.36
静か,70代,US,落ち着き,0.33
静か,70代,ヨーロッパ,落ち着き,0.34
静か,80代,日本,落ち着き,0.31
静か,80代,中国,落ち着き,0.38
静か,80代,US,落ち着き,0.31
静か,80代,ヨーロッパ,落ち着き,0.31
リラックス,10代,日本,安心感,0.33
リラックス,10代,中国,安心感,0.4
リラックス,10代,US,安心感,0.33
リラックス,10代,ヨーロッパ,安心感,0.4
リラックス,20代,日本,安心感,0.41
リラックス,20代,中国,安心感,0.34
リラックス,20代,US,安心感,0.42
リラックス,20代,ヨーロッパ,安心感,0.39
リラックス,30代,日本,安心感,0.41
リラックス,30代,中国,安心感,0.31
リラックス,30代,US,安心感,0.41
リラックス,30代,ヨーロッパ,安心感,0.35
リラックス,40代,日本,安心感,0.47
リラックス,40代,中国,安心感,0.4
リラックス,40代,US,安心感,0.37
リラックス,40代,ヨーロッパ,安心感,0.48
リラックス,50代,日本,安心感,0.44
リラックス,50代,中国,安心感,0.47
リラックス,50代,US,安心感,0.42
リラックス,50代,ヨーロッパ,安心感,0.48
リラックス,60代,日本,安心感,0.38
リラックス,60代,中国,安心感,0.33
リラックス,60代,US,安心感,0.42
リラックス,60代,ヨーロッパ,安心感,0.35
リラックス,70代,日本,安心感,0.3
リラックス,70代,中国,安心感,0.49
リラックス,70代,US,安心感,0.38
リラックス,70代,ヨーロッパ,安心感,0.4
リラックス,80代,日本,安心感,0.43
リラックス,80代,中国,安心感,0.4
リラックス,80代,US,安心感,0.31
リラックス,80代,ヨーロッパ,安心感,0.4
エレガント,10代,日本,高級感,0.36
エレガント,10代,中国,高級感,0.36
エレガント,10代,US,高級感,0.32
エレガント,10代,ヨーロッパ,高級感,0.3
エレガント,20代,日本,高級感,0.35
エレガント,20代,中国,高級感,0.34
エレガント,20代,US,高級感,0.31
エレガント,20代,ヨーロッパ,高級感,0.31
エレガント,30代,日本,高級感,0.38
エレガント,30代,中国,高級感,0.32
エレガント,30代,US,高級感,0.39
エレガント,30代,ヨーロッパ,高級感,0.31
エレガント,40代,日本,高級感,0.37
エレガント,40代,中国,高級感,0.31
エレガント,40代,US,高級感,0.38
エレガント,40代,ヨーロッパ,高級感,0.36
エレガント,50代,日本,高級感,0.33
エレガント,50代,中国,高級感,0.39
エレガント,50代,US,高級感,0.36
エレガント,50代,ヨーロッパ,高級感,0.32
エレガント,60代,日本,高級感,0.39
エレガント,60代,中国,高級感,0.4
エレガント,60代,US,高級感,0.35
エレガント,60代,ヨーロッパ,高級感,0.3
エレガント,70代,日本,高級感,0.34
エレガント,70代,中国,高級感,0.34
エレガント,70代,US,高級感,0.4
エレガント,70代,ヨーロッパ,高級感,0.39
エレガント,80代,日本,高級感,0.38
エレガント,80代,中国,高級感,0.4
エレガント,80代,US,高級感,0.37
エレガント,80代,ヨーロッパ,高級感,0.39
派手,10代,日本,華やか／魅力的,0.25
派手,10代,中国,華やか／魅力的,0.31
派手,10代,US,華やか／魅力的,0.26
派手,10代,ヨーロッパ,華やか／魅力的,0.33
派手,20代,日本,華やか／魅力的,0.37
派手,20代,中国,華やか／魅力的,0.38
派手,20代,US,華やか／魅力的,0.32
派手,20代,ヨーロッパ,華やか／魅力的,0.36
派手,30代,日本,華やか／魅力的,0.31
派手,30代,中国,華やか／魅力的,0.2
派手,30代,US,華やか／魅力的,0.23
派手,30代,ヨーロッパ,華やか／魅力的,0.35
派手,40代,日本,華やか／魅力的,0.2
派手,40代,中国,華やか／魅力的,0.26
派手,40代,US,華やか／魅力的,0.32
派手,40代,ヨーロッパ,華やか／魅力的,0.37
派手,50代,日本,華やか／魅力的,0.25
派手,50代,中国,華やか／魅力的,0.25
派手,50代,US,華やか／魅力的,0.35
派手,50代,ヨーロッパ,華やか／魅力的,0.27
派手,60代,日本,華やか／魅力的,0.25
派手,60代,中国,華やか／魅力的,0.36
派手,60代,US,華やか／魅力的,0.38
派手,60代,ヨーロッパ,華やか／魅力的,0.32
派手,70代,日本,華やか／魅力的,0.28
派手,70代,中国,華やか／魅力的,0.22
派手,70代,US,華やか／魅力的,0.36
派手,70代,ヨーロッパ,華やか／魅力的,0.23
派手,80代,日本,華やか／魅力的,0.38
派手,80代,中国,華やか／魅力的,0.35
派手,80代,US,華やか／魅力的,0.28
派手,80代,ヨーロッパ,華やか／魅力的,0.28
上質,10代,日本,高級感,0.3
上質,10代,中国,高級感,0.35
上質,10代,US,高級感,0.3
上質,10代,ヨーロッパ,高級感,0.36
上質,20代,日本,高級感,0.33
上質,20代,中国,高級感,0.38
上質,20代,US,高級感,0.39
上質,20代,ヨーロッパ,高級感,0.33
上質,30代,日本,高級感,0.31
上質,30代,中国,高級感,0.32
上質,30代,US,高級感,0.37
上質,30代,ヨーロッパ,高級感,0.39
上質,40代,日本,高級感,0.35
上質,40代,中国,高級感,0.37
上質,40代,US,高級感,0.32
上質,40代,ヨーロッパ,高級感,0.31
上質,50代,日本,高級感,0.38
上質,50代,中国,高級感,0.35
上質,50代,US,高級感,0.31
上質,50代,ヨーロッパ,高級感,0.38
上質,60代,日本,高級感,0.38
上質,60代,中国,高級感,0.31
上質,60代,US,高級感,0.3
上質,60代,ヨーロッパ,高級感,0.35
上質,70代,日本,高級感,0.34
上質,70代,中国,高級感,0.39
上質,70代,US,高級感,0.35
上質,70代,ヨーロッパ,高級感,0.34
上質,80代,日本,高級感,0.33
上質,80代,中国,高級感,0.3
上質,80代,US,高級感,0.33
上質,80代,ヨーロッパ,高級感,0.3
